"";"1";"2";"3";"4";"5";"6";"7";"8";"9";"10";"11";"12";"13";"14";"15";"16";"17";"18";"19";"20";"21";"22";"23";"24";"25";"26";"27";"28";"29";"30";"31";"32";"33";"34";"35";"36";"37";"38";"39";"40";"41";"42";"43";"44";"45";"46";"47";"48";"49";"50";"51";"52";"53";"54";"55";"56";"57";"58";"59";"60";"61";"62";"63";"64";"65";"66";"67";"68";"69";"70"
"S020A";31271;41183;16140;3235;3904;496;436;7272;574;528;1731;117;12532;7661;1607;1936;1449;3619;14275;2637;469;3925;9446;3801;286;9511;9446;2844;588;11453;18156;2260;1137;22740;2056;376;145;3103;25;24874;12689;2510;656;541;9290;3088;14005;3057;5259;4022;5877;846;611;11169;23961;2346;2728;419;8940;11764;2558;7356;188;75;1054;9734;1124;3511;104;747
"S020B";42471;52731;25957;4718;4686;547;675;10181;823;844;2916;675;16545;12655;1969;2157;2036;5320;15957;2836;721;5360;9128;4693;698;11116;10875;2908;856;18796;32113;2470;1575;29727;2529;384;119;2591;103;31087;21231;2678;882;665;8102;4858;17680;3079;7455;3919;5851;831;883;12951;21021;2707;3904;360;9121;11853;2101;5906;671;116;992;11065;1268;5944;129;647
"S020C";25914;33152;14836;2450;2689;366;596;5591;442;588;2177;131;9459;6807;1887;1639;1025;3017;9931;1667;389;4624;4907;2616;217;6351;6600;1464;508;7486;12129;1002;826;14780;1414;210;88;1659;82;20358;11154;1419;775;654;4664;2652;11755;1751;3435;2171;4387;562;585;5199;14325;1853;1724;216;5427;9108;1602;5022;376;63;651;6148;1430;4274;87;488
"S020D";27287;38351;13421;3301;3701;479;849;5094;573;356;1804;99;8558;6298;2213;2316;1244;3274;13362;2283;413;3562;8058;3379;146;8349;8831;2465;548;14810;20405;1483;989;21739;1986;325;119;2537;10;22103;10515;1587;1090;784;6920;3019;13232;2737;4529;3870;5068;740;619;7671;19833;1928;2099;321;7670;8844;1942;5830;482;77;1207;8595;1522;6126;123;443
"S032A";91428;105918;96263;5673;9631;1840;1209;22501;1157;420;3474;1156;18818;16606;6176;3412;2371;11350;25985;4974;2994;7656;6873;2928;6940;11990;11099;1942;7042;18404;33426;414;29913;31731;12940;293;623;1111;106;48033;44192;11690;8239;8074;186;2258;6861;9760;6456;19077;6520;30920;7468;3103;13980;2171;4425;1888;5518;4165;4082;11737;986;29775;2089;6571;2665;5301;7984;2214
"S032B";48629;55262;54837;3366;5125;982;640;12694;579;925;3387;597;9225;8949;3355;1926;2558;5475;12431;2267;1608;3021;4070;1590;5390;5317;5437;1060;4566;15606;20600;426;17482;53841;4419;164;207;670;692;21806;23390;2855;2489;2745;94;1455;3098;3152;8090;8301;2805;15597;3424;916;4116;487;1852;267;2500;984;1242;3788;719;15227;981;3315;930;3854;3489;1015
"S032C";67411;81425;67546;4108;6678;1260;961;17880;1282;1071;3833;1182;11341;11485;6052;2200;1212;7285;17748;2928;1874;5174;4818;2060;9013;6420;8229;1515;4356;13873;24493;390;19744;45617;8305;217;396;1590;641;38237;27294;6949;8825;5007;209;1689;3753;12145;8134;12758;5744;23437;3760;1133;8622;1467;3030;815;4211;2614;2514;9488;1267;22896;1136;6091;4132;7208;5544;5281
"S032D";59772;79113;64561;4454;6375;1267;947;15785;1489;1293;2778;1489;10646;9899;6069;2357;1685;7163;18357;2874;1604;5579;4544;1972;4849;6102;8063;1434;3694;12827;21333;452;16651;30399;7877;259;389;1115;87;35027;26045;6616;7172;4271;171;1346;3417;8673;5387;12353;4213;18350;3054;1071;8319;1233;2313;1278;3274;1847;2026;7111;726;21805;1156;3597;3240;4993;5640;1279
"S067A";34806;59621;50963;7006;7889;1908;919;48406;565;829;7323;236;19242;15876;2381;2872;3037;12295;18448;5211;1039;5537;12149;8242;3930;4692;13281;1983;530;28401;40384;630;3534;52388;2855;208;243;1787;9;45911;36182;13083;2183;4838;229;391;4834;6923;10070;2784;1568;1735;1234;2266;4763;1412;2890;636;1144;5750;9065;11084;2874;298;873;1342;2637;15691;228;1455
"S067B";17177;31337;25388;3868;3807;877;570;19692;248;327;3177;92;7764;7224;1152;1623;1044;5660;9353;2404;305;1682;5549;3776;861;2317;6318;884;237;7701;8231;344;1703;18500;1276;91;145;953;49;25176;18272;4678;1229;2069;102;261;3124;4016;4778;1395;1011;1146;758;1157;2776;833;1683;296;819;3777;7885;11099;914;155;689;820;1195;7634;111;330
"S067C";31921;52163;49993;7011;6245;1289;1314;38708;382;737;5286;231;14131;14362;2138;2315;3289;11179;14672;3852;659;6184;9362;6703;2592;3389;10136;1425;378;17914;21572;319;2939;44310;2361;154;191;1605;28;42352;35026;9872;2614;4233;198;318;3925;7946;8102;2162;1384;2164;1016;1475;3820;1071;2726;480;937;4490;9591;11519;1225;236;829;1164;2381;10208;205;407
"S067D";31153;52902;50844;6962;5816;1390;1017;34695;425;633;5104;185;14430;14949;1758;2059;2885;9849;14210;3600;846;6233;8629;6397;3009;3516;9329;1237;436;13833;16878;693;3239;34525;1901;162;228;1185;115;39297;34955;10625;1737;3885;132;348;4370;5208;8503;1914;1124;1978;1176;1511;3064;1283;2663;546;1044;4400;8796;12307;2295;236;521;1019;2594;12565;189;442
"S213A";15568;56150;34142;5916;3302;539;1563;17751;360;331;2928;287;8537;4123;2503;2486;1853;3153;7671;2098;1138;3159;6070;1664;1934;9106;5623;2557;2060;8347;16548;435;9623;22248;3686;206;730;5045;35;28940;16684;4148;4210;2092;8299;4016;30251;3974;5190;4923;17982;2922;2880;2187;18536;1941;2182;4313;1570;11374;3156;8567;541;12643;1567;13249;1004;3816;3930;5822
"S213B";23720;70045;51987;7286;5910;1196;1918;18870;776;10656;12522;468;13184;6992;3692;4860;2030;4919;10951;3690;2095;3458;11198;3054;3311;11343;8512;4233;5541;11914;18388;615;18704;41194;3984;297;1115;7899;41;34772;27687;6845;4994;3211;11085;10756;46473;5613;7739;5803;18441;4845;6214;3254;18549;2452;4558;3728;2878;16460;4628;13455;1690;15597;2133;15713;1268;9529;4858;4189
"S213C";25229;94250;54357;8347;4909;784;2837;22772;779;589;4938;970;12277;7304;5301;3810;2242;5168;11930;3207;1972;8072;7894;2593;1394;10429;7392;2323;4596;10805;21220;555;17236;25868;4391;219;870;5175;185;40171;26585;3198;7055;5184;10195;7050;47024;1702;6482;5712;20507;5811;6763;4069;19064;2958;5271;4732;2868;22739;6269;19875;868;19983;1695;11686;1832;8271;4801;2538
"S213D";22594;74185;35238;6268;5030;770;1913;27071;836;686;3828;638;16134;4578;5043;4205;2759;4767;13968;4029;1277;6989;11281;2802;1558;13687;10703;4267;3369;12182;22848;801;10927;30519;5495;392;1149;8357;5;43249;17589;6833;12723;5682;11335;5716;46548;5878;8275;8139;22328;6232;6473;3992;27848;2371;3490;6027;4303;19646;4992;15437;2000;16052;3255;12762;1804;15048;6840;3230
"S301A";18816;56491;22847;7612;8243;1556;544;15598;568;681;4002;1120;29827;7354;1955;5101;1512;11539;31825;7049;883;9724;35356;12256;2082;6425;26312;8713;1142;9980;13791;341;11187;19973;3932;660;2293;3850;100;14903;9482;2316;1295;2664;2910;499;5876;1667;4264;4934;1428;1173;1043;12658;4057;1846;2607;4627;7640;1588;2007;3018;633;96;1740;10475;833;8203;179;461
"S301B";15400;35867;14965;4286;6089;1769;447;16857;504;805;4374;988;26983;5618;1615;4903;1461;9130;27643;5896;608;9563;36093;11275;1924;7625;25185;10187;979;6498;9391;527;7755;16224;3329;690;1793;6687;40;8988;5830;2941;2415;4329;4873;538;8498;2574;3285;5381;2774;1977;1162;23398;5915;2603;4639;3545;13210;2980;3535;5265;336;81;2206;18411;966;8334;154;1067
"S301C";19152;52615;21321;6211;7823;1918;828;18011;726;1320;5742;1335;33684;7012;3418;5779;1539;10590;32460;7637;625;11699;37559;12253;1318;5886;26703;8439;1116;8114;11371;326;7522;19232;3452;574;1906;5057;168;14493;7351;2293;1844;2868;2916;446;6003;2104;2911;5330;1790;1249;903;17076;4409;2576;3429;3105;7900;2182;2616;4436;424;100;2080;11981;1254;5913;187;916
"S301D";15050;39609;12926;2418;4907;1599;509;5463;680;992;4860;1506;16722;5000;2557;5025;1148;9031;28239;6279;396;7498;32925;11148;433;5002;22969;6409;867;8887;12769;562;2853;23286;1786;388;1072;3688;180;9831;4862;959;932;1940;2155;404;5486;713;3260;3930;1356;949;715;12812;3412;1934;3096;1224;6830;1505;2063;3026;538;56;1723;10878;793;8055;170;696
"S342A";15083;23108;11832;3485;4911;870;335;18273;438;117;3243;119;3175;3419;990;4217;2827;5184;11104;3426;2214;976;7979;3133;3469;8636;8895;2916;1260;28019;50729;1940;5315;35779;2485;420;275;3611;59;45079;20475;9045;5505;13573;1934;24307;37784;5034;8622;2761;14585;11576;25506;9508;10607;2652;6752;253;38187;12353;6523;14138;796;7783;3423;14595;1934;9064;507;1131
"S342B";2090;2489;2835;243;972;341;40;9252;157;688;1971;61;609;1340;259;510;563;1233;1243;501;563;380;2569;1085;3245;895;1085;1137;381;6691;13684;1614;1019;77050;113;96;49;1825;158;2520;2474;3739;477;1331;491;6749;6273;906;8052;234;1844;1793;5537;695;689;174;2886;18;5069;306;215;602;299;532;311;2169;733;460;51;1105
"S342C";18822;29267;15599;4569;5484;777;1374;28985;747;486;4282;186;4157;4226;1770;5177;2046;6639;14272;4066;1812;3107;9456;3534;5997;7025;11133;3503;1389;23752;42450;1635;8329;34303;2964;365;266;4460;510;64370;24404;12089;8958;15699;2071;19586;31286;6300;7480;3322;11443;16474;20621;4000;8553;1685;4379;299;30794;9431;3813;12901;570;10636;3562;12425;1636;8180;516;1950
"S342D";16479;23971;12226;3676;4798;761;980;22080;611;250;3067;192;3380;4463;1533;3881;2439;5319;11011;2932;1618;2293;8882;3184;3350;5630;8307;3332;1079;12879;26930;894;6417;18309;2565;359;253;3535;226;51652;21248;9031;6275;13388;1515;16013;24929;5006;5855;2708;9685;11204;15725;3483;7520;1742;3681;202;23072;5947;2815;7946;459;8838;2385;9548;2118;6197;418;1320
"S456A";7573;11207;11431;3695;4736;1172;834;36488;486;241;3124;646;13618;1882;741;3255;5030;6129;16485;4573;2130;2488;7869;3182;5377;6426;26756;5573;14543;34969;42851;2947;10261;37345;2045;763;50;775;81;6659;8151;11094;10799;9859;62;3402;2337;5064;7102;7237;2202;3434;2428;12273;5292;4769;5138;281;700;9991;6696;9800;668;2368;3858;6265;4963;13728;5495;301
"S456B";7100;10419;10371;2822;4153;1354;943;30609;527;368;3190;804;13108;1772;860;2826;5804;5568;14673;3492;2031;2968;6416;2677;5993;5769;23223;4679;11403;29666;39230;2885;9449;36522;1677;682;42;663;257;5783;7073;9230;11149;10073;76;3464;2879;4078;6961;5987;2992;3856;2850;16084;6372;5580;6257;213;991;16794;8898;13955;601;2176;3554;7129;5032;14650;5077;345
"S456C";5560;8036;7388;2643;4187;863;943;23735;373;196;2174;531;9438;1216;943;2802;3782;4733;12629;3492;1220;2917;7310;2651;5659;4939;22373;5297;10224;31254;39142;2087;6934;36721;1739;592;28;851;111;4660;5173;9686;12421;8501;50;2695;2243;5961;5561;6322;2525;3131;2053;11824;5841;4302;5034;223;747;15870;8249;14318;472;1695;3946;5781;4796;12833;4656;233
"S456D";3728;5817;4866;1818;3198;841;776;20704;452;251;1626;721;7560;745;642;2220;3417;3325;10065;2863;814;2021;6529;2030;3783;3909;18280;4875;6900;27798;33552;1778;4094;30619;1360;553;20;602;59;3356;3543;7944;11190;8071;49;2661;2288;6197;5286;5256;2374;2901;2081;11630;5176;3515;4513;183;778;15593;8641;15596;686;1186;3371;5411;3723;13905;3747;143
"S477A";17227;18623;10262;2490;4411;584;505;6467;393;45;2338;1017;31200;2924;1076;1921;1940;7591;23676;4869;667;9164;8285;3942;2245;7516;11892;2150;2459;39334;35752;1030;6099;20182;2499;168;241;1043;6;24633;7085;1769;3923;8763;451;637;9922;1388;3261;4064;5194;2619;727;4473;16198;1549;1153;712;2493;8337;1460;2993;1054;4014;1623;4779;4250;11897;834;684
"S477B";26306;26069;17253;3504;7791;2007;342;4482;790;8368;17696;915;14512;4980;1896;3880;2344;11805;34353;7644;1065;6229;12334;6385;3863;10790;16943;3045;3581;35838;55718;5648;14224;106065;2576;135;260;3793;66;31484;10454;2481;7376;17323;1504;1459;21898;1879;18346;4121;12660;9720;2049;5297;25393;3627;14500;483;7627;36894;8152;29619;13244;5051;2005;13179;5737;57922;904;5600
"S477C";28011;27617;16051;4432;8208;1267;1306;9754;857;421;5713;761;47568;4769;2923;4385;2984;15421;43790;10131;1092;15476;17535;7817;2987;12590;24388;5113;4052;36157;42625;1643;9641;20904;4520;223;391;3802;19;36461;11082;2889;9247;18421;1034;983;17489;2664;5249;7278;9840;6268;1627;8456;28830;2770;3383;1186;4826;14172;2975;7822;734;5935;2930;8626;12764;19148;1422;1370
"S477D";23075;22158;12833;3360;7490;1299;1274;8502;635;217;4722;430;43088;3763;2255;4207;4569;13000;37951;9033;1130;14596;16788;6947;3260;16487;17669;3499;3670;51680;50209;2304;7155;31036;4035;172;472;4007;86;29484;10538;2777;12443;27894;1557;1258;29326;2964;7559;6791;15559;9895;2660;11631;42693;3230;3453;1522;8031;21545;5294;13368;1284;4958;3759;14559;10118;31191;1313;1362
"S668A";36330;57964;55569;9748;4542;686;1141;21488;375;91;3310;299;12100;13834;1831;4070;2220;9506;12660;5144;1354;2466;9909;4367;2358;3440;8354;3383;1595;7608;20948;936;14991;15483;2752;324;1169;1134;54;42097;33763;12322;3638;4291;174;393;1871;5993;5481;1654;5461;208;805;7646;2102;1223;2692;4485;248;9088;2547;5757;159;8406;1081;2238;1516;2433;221;215
"S668B";48077;73847;76323;9091;7104;2397;1439;22560;1107;17884;25015;1038;6661;23308;2954;6709;1730;11933;14868;7439;1660;2559;16377;7139;3358;2863;11833;6437;1710;7495;25537;1143;22443;81420;1556;404;749;3782;85;37306;29538;9226;2312;4315;498;1139;2398;3418;18561;1190;6150;969;1048;2390;1230;1167;9026;1178;441;10432;2053;7801;3890;7004;936;3785;1939;4291;207;1230
"S668C";37774;63468;59516;10545;5109;700;2808;24923;940;530;4756;1125;10605;16533;3250;4965;2221;10431;14316;6084;1628;4913;14201;5491;3359;3409;11692;5537;1729;10848;29740;1705;17971;26913;2938;287;1163;3180;112;46302;33481;13771;4795;8330;270;545;1718;7065;6666;2108;5368;940;662;3064;1753;1147;4505;3546;273;6287;1809;5856;242;8923;1402;2622;3571;4507;212;479
"S668D";35365;56332;53587;9206;4875;678;2487;28466;365;125;3078;784;14609;13855;1864;3963;4374;8661;13359;4917;1302;5869;11697;4272;3592;3157;8409;3980;1414;16634;37605;1355;13532;32186;3170;387;1250;1779;104;42172;32226;12037;9800;13381;142;456;1864;9463;7262;2232;6668;1908;772;5525;2288;1387;3282;5326;420;9695;3598;8325;358;8550;1266;2637;2914;5405;249;794
"S683A";46944;73936;41352;6172;6632;440;713;30109;1745;217;1539;4542;17977;6824;9455;3349;3206;5607;18344;2749;607;5818;7270;3179;3681;2720;19161;5728;1483;22514;19568;1038;7434;51549;3972;686;286;1430;49;56391;21960;11604;10013;7579;88;618;2684;10429;3792;6637;2106;4317;281;9004;4116;4547;5390;1331;2934;15272;19873;22010;620;10686;2113;4449;2842;2654;727;198
"S683B";27838;36171;25607;3040;3996;270;749;12937;674;593;2100;499;8043;4343;4882;2113;1451;3623;9726;1776;345;3015;4445;2035;4263;1537;10172;3201;885;11261;12506;1116;4697;48118;2066;366;138;1192;96;28981;15365;8327;3709;2556;56;440;1232;5861;6511;3349;865;1590;146;2974;1690;1879;2431;401;1254;4973;4704;5597;1297;5826;1116;2256;2069;4687;343;951
"S683C";41846;57667;36501;4807;5274;380;1235;23585;934;180;2117;363;13952;6166;8712;3345;1473;5444;16402;2845;438;5706;6223;2798;2396;1973;15073;3810;1285;18515;20316;750;5472;45406;3518;503;186;1132;19;51333;23354;5335;3912;2712;57;465;1466;4172;3494;6216;873;1341;179;2784;2300;1502;1931;529;1261;5016;4856;6168;468;10119;1925;2620;2675;2179;549;330
"S683D";45570;62682;32232;2474;3734;629;1196;8538;897;124;1710;356;10157;6253;9798;3142;4580;4672;15765;1959;444;4794;4993;2461;532;1766;11406;2975;1005;17608;16892;2904;5121;59009;2724;265;140;558;14;55320;23373;2901;4226;2839;91;623;2484;2378;8909;4470;1342;2117;289;4114;2653;2352;5792;306;1857;7330;9935;13093;376;10694;1641;3637;2414;3085;410;329
"S795A";36574;70765;24861;4778;4625;1249;786;26270;849;609;2403;260;11953;8181;2223;2994;6395;5039;11728;3914;605;2921;4365;2762;4627;3269;10100;1767;366;25116;27448;178;2385;22232;3595;632;262;240;90;96048;32331;3870;4330;11524;95;993;4906;3468;4659;3093;1033;1308;2520;6151;4765;2771;4947;515;3760;22145;4935;18810;371;258;1240;3842;2665;3328;118;542
"S795B";35535;59093;29258;4048;3904;1250;699;18678;767;1002;3509;181;10098;9065;2556;3114;6597;5273;10126;3688;614;2732;3657;2971;4450;3015;9472;1598;367;28908;37945;274;2020;40797;3263;582;319;252;37;74260;36089;4583;3174;9923;98;871;3875;3040;6743;2863;870;1338;2137;5742;3856;2963;3131;458;3404;20289;4582;16100;449;203;1026;3298;2782;3433;110;631
"S795C";48532;92843;41175;6231;5625;1363;4209;38855;1043;2261;5415;548;17364;13208;6400;4384;6551;6963;15696;5128;905;10095;5209;4106;5373;3751;13303;2314;488;23962;34312;168;3215;37111;4725;896;497;570;257;122296;45216;7318;9518;26514;165;1459;6234;5810;7644;3972;1519;5215;4752;3966;6479;6500;6070;884;4757;31598;6923;33976;574;349;1245;4826;9467;3971;176;804
"S795D";45497;77349;34803;3709;2938;897;1560;14178;690;1069;3188;232;11093;11958;3026;3088;7089;6668;11256;3424;674;4745;3457;2926;633;2822;8251;1415;351;27732;37833;259;1573;41432;3508;206;208;171;34;103380;48869;1212;2045;6440;92;883;4049;943;9183;2358;585;924;2731;3142;2918;2372;8057;184;1772;6765;1528;7772;335;275;857;2424;2259;3435;100;810
"S878A";30736;47859;27484;3789;4882;732;417;15443;376;167;2220;183;12109;8722;1742;3245;2893;7357;16198;4962;909;1889;7529;4429;1311;4274;9363;2645;1071;25529;22557;4363;3190;25802;4011;305;603;829;36;49324;31010;8071;3032;10528;36;601;4166;2972;5255;3303;4483;6251;1924;4479;2567;1873;5507;1594;2617;3709;9051;6407;617;165;812;3117;1195;6748;101;240
"S878B";13050;20409;12105;1510;2106;414;193;3944;230;4050;5716;132;2525;3696;941;1501;1036;2812;5571;1887;296;415;2923;1823;818;1364;3100;1000;555;8816;9444;3111;1705;29434;1124;128;229;718;166;18879;11859;1671;1174;2856;48;643;1922;1143;5948;909;2283;3803;664;616;871;739;2478;188;1388;842;3563;2946;2124;45;274;1691;828;9038;24;862
"S878C";10917;17563;9982;1594;1651;207;612;4082;146;142;853;68;3696;3029;972;1206;1087;2472;5106;1571;246;3968;2445;1432;410;1372;2855;832;314;6386;5977;1738;1125;10428;1152;103;189;1675;72;20248;11317;2075;2100;5308;107;490;1898;1567;2149;1039;2144;5655;789;835;1093;679;2457;400;1381;1601;5504;5013;294;26;240;1151;770;4480;14;75
"S878D";32370;48874;27405;4050;4720;879;998;12538;667;413;3554;127;10717;8816;3747;3598;3650;7835;17731;5274;962;6439;7728;5018;1279;4508;11062;2963;1020;17124;20190;6166;3007;25705;3588;302;683;6433;96;55781;29639;7119;5794;16576;471;1246;5083;2940;6891;3164;6390;14081;2049;2930;3721;2043;6786;1520;3660;4744;14211;12544;1418;165;791;3661;2118;14303;87;345
"S953A";16990;26508;23850;2227;2808;909;265;13279;203;85;1850;192;5737;7711;1080;1466;2313;3452;7296;2654;576;1554;5554;3088;2974;4349;7434;2060;641;12170;15161;739;1283;19857;2810;208;213;1273;52;21272;17109;5286;5381;5790;61;600;4662;1934;3781;4891;1887;985;1250;5191;3306;2170;1956;476;1608;6900;3106;8308;352;60;1233;1097;2294;2607;142;557
"S953B";27125;39454;37457;3268;5637;2052;591;23039;468;508;4105;602;10591;12810;2262;2638;2171;6049;12920;4551;966;2326;9619;5894;4678;7746;13729;3660;1058;19369;28482;1125;1749;39324;4493;344;309;2364;85;28195;24189;8110;7917;8940;128;1294;9328;3639;7725;8412;3448;1453;2599;8132;5862;3100;3154;714;3119;11682;4296;12666;866;143;2077;2059;3086;6188;299;1105
"S953C";25492;43045;38384;3218;4471;1300;1671;10803;643;1566;5157;555;4819;12377;2759;2532;1688;5357;11414;4009;797;4085;8973;5437;2605;5911;13323;3427;1172;7966;11917;749;2102;25614;3848;217;252;5445;183;31467;22986;7066;13284;12030;460;1973;7020;2648;4756;6696;3435;3267;2324;3285;4908;3757;4048;517;2416;12795;5283;18909;697;82;1880;1862;5941;5854;216;1768
"S953D";23421;38435;32257;3034;4108;1058;1177;12423;483;392;3359;331;4939;10892;2389;2252;2887;4844;10611;3838;803;2850;8286;4836;4171;6175;11435;3277;1026;9924;15117;1262;1677;22490;3258;257;252;3416;374;26337;19758;8639;15160;13856;325;1429;8295;3680;4850;5889;3763;3584;2782;5014;5296;4045;4110;600;2835;12147;5779;19061;667;109;1679;2099;5799;5402;222;1390
"S004A";16572;20367;14004;1576;2975;855;795;12890;522;278;1303;134;12264;982;2176;1116;1385;2403;7699;1729;241;4175;7449;242;308;2378;6161;2924;468;17903;31589;134;2282;12853;1444;263;384;1908;4;18236;15061;3161;3939;6905;83;361;7198;1549;6002;2285;717;2538;1343;4274;2105;1505;3017;1372;1370;4085;2211;4593;918;2666;503;16225;1062;5346;242;568
"S004B";11136;14778;10291;1075;1933;934;977;7706;335;5209;7078;303;3557;643;1665;808;1111;1522;4769;868;192;2244;4040;179;626;1248;3737;1413;267;2306;8631;98;2243;67327;524;192;231;1235;26;15520;8439;2795;4364;4720;218;399;6706;1898;3901;799;1060;6144;1231;1617;1708;2126;4945;285;1726;7320;5407;9200;7131;1805;157;15138;1583;7459;115;1153
"S004C";13563;18296;13987;2235;3481;712;1616;15001;507;851;2074;154;8723;1098;2461;1190;1500;2487;6892;1595;274;5794;8105;267;503;1530;5635;2995;464;12279;28586;108;3335;13965;1294;180;366;3054;46;18561;16504;3566;4607;7699;617;376;6260;1771;5719;1666;885;5047;2264;1957;1824;1158;3583;757;1079;7016;2981;8105;1842;2721;381;11361;1804;4680;165;524
"S069A";1592;1076;1069;163;159;45;35;568;14;38;81;7;420;128;134;52;4;199;374;59;32;167;384;12;7;62;319;162;31;197;356;14;113;382;95;8;23;37;0;885;780;46;82;294;26;63;51;39;107;117;27;50;43;27;103;26;50;38;47;39;50;51;0;47;19;146;12;15;23;55
"S069B";1696;1322;1300;162;137;36;39;542;17;26;109;14;502;167;155;50;15;187;377;82;22;224;399;17;15;74;326;190;28;222;390;9;101;234;105;7;24;26;0;1076;939;55;103;348;34;80;81;52;81;156;35;73;55;34;133;28;41;27;69;44;45;93;1;60;25;202;23;20;34;20
"S069C";1724;1395;1045;194;174;36;41;765;13;21;86;5;485;132;98;36;4;164;332;47;18;262;355;9;19;40;260;180;21;103;206;12;85;291;99;5;13;19;1;1164;820;41;77;254;24;49;41;36;80;107;35;46;37;18;46;34;37;24;41;23;28;51;1;46;14;98;10;10;35;10
"S102A";26964;26798;20987;1788;2870;1114;736;12458;471;539;1795;326;11767;2462;1963;2097;381;5112;14669;3472;341;3522;9197;517;1718;845;9224;3643;1744;12706;17178;18;3811;27469;4984;411;165;1518;1;23092;12579;4063;984;1207;32;274;135;3069;2913;10395;241;1486;275;2283;1158;1078;214;308;207;5739;1242;3179;1922;4380;1182;588;895;4061;1001;338
"S102B";36858;38764;30365;2465;3370;1144;815;13850;535;570;2326;242;14506;3065;2510;2865;358;6553;19107;4419;389;3487;11291;721;982;1150;12063;4318;1849;10510;14343;25;4203;17294;6019;267;187;1798;4;34234;17519;5386;1009;1071;47;360;166;3904;2306;13360;302;864;298;1618;1563;1058;159;371;229;3735;736;2101;1242;7032;1642;748;1052;2105;1479;289
"S102C";29814;30100;31651;2626;3987;1125;1853;15086;473;2155;2812;288;7415;3741;2601;2719;536;7010;15513;3551;518;3762;11581;814;1207;1060;10880;4458;2178;5696;9053;36;6033;23422;4993;388;210;2666;9;24165;19155;6360;1242;762;71;305;216;5066;3007;10185;273;1000;254;734;1169;928;332;309;205;4841;1282;3120;2787;4793;1118;566;2606;4665;992;154
"S106A";9370;13005;12255;557;3762;687;487;7998;163;22;780;30;8264;364;504;655;459;3976;7070;1502;100;1852;3358;229;187;742;1734;540;400;7807;14959;403;2652;7073;1766;327;562;103;0;9218;4170;1687;3424;3470;4;1599;1624;1194;2457;1533;921;394;2036;1089;2052;747;1481;465;296;3978;1524;3965;476;1191;583;4334;407;2513;173;294
"S106B";7518;11101;13529;697;6106;2946;13229;11527;634;10183;21511;493;3149;369;1509;903;310;3556;5497;1248;106;2150;3480;422;1303;435;2605;1070;385;1685;6567;73;3846;35263;1466;357;432;357;39;11283;2616;2304;5023;3525;63;1423;1197;1807;1187;1055;730;774;1534;136;1397;890;2075;219;390;2076;3506;9867;591;1078;348;3459;1164;1049;128;1830
"S106C";5933;8387;9178;416;3348;817;1785;12246;324;2933;5030;55;3707;230;882;440;451;2450;4080;1018;46;7036;2946;162;904;219;1594;615;345;1422;7173;204;2557;39351;866;485;347;1113;12;7831;1799;1149;3034;2877;281;1560;923;757;1334;617;495;510;1316;97;866;304;904;160;152;1184;738;3291;711;683;177;2324;1027;2904;82;1397
"S229A";5568;4182;4710;207;1295;835;1104;7011;119;214;825;68;10467;245;156;355;70;3561;5732;1359;151;1939;2002;164;37;604;1597;440;472;4856;4301;148;2617;4447;2019;37;28;56;0;3892;2649;552;428;528;360;636;2601;348;1353;1453;1912;1132;1113;1416;2316;408;669;129;3385;2022;1794;2292;511;597;226;2941;268;1785;2186;142
"S229B";6099;5127;4849;235;1738;1025;816;5086;156;916;1303;50;6943;276;268;540;98;3587;6147;1559;164;1477;2596;166;63;570;1865;519;540;6569;7668;146;2602;18054;1446;58;29;103;1;3455;2854;402;295;397;380;528;1755;375;1768;1474;1446;792;743;851;1590;236;343;68;2103;1033;1016;1121;1571;713;257;2328;153;2706;2382;150
"S229C";4136;4957;2862;161;931;285;776;3762;49;158;247;57;4206;277;74;137;52;2098;3343;760;121;1578;1217;52;34;217;1116;321;318;3418;2258;97;2057;5457;813;14;10;88;0;3078;1175;233;133;153;70;275;341;234;889;615;257;175;346;201;454;109;401;8;246;381;209;439;129;487;95;265;78;1460;1062;25
"S464A";4066;3449;5060;368;803;453;1265;3208;193;489;375;120;2516;376;412;243;64;2302;914;190;95;2032;1126;162;151;220;1267;268;100;1669;6222;53;1649;3118;1295;116;11;258;0;2578;2187;827;570;372;11;325;419;466;1527;264;332;46;215;506;471;421;438;248;202;1014;219;1061;154;494;182;184;438;861;494;1477
"S464B";5710;4736;7687;449;1011;486;934;3309;160;318;686;50;3528;675;299;394;66;3953;1715;361;161;2117;2105;349;189;513;2141;621;161;2283;6900;114;1813;3071;2105;204;24;694;3;3285;4028;3245;1153;632;20;654;834;1581;2078;510;1115;87;375;1152;1086;724;702;462;403;1720;358;1501;153;863;385;815;835;1221;1149;535
"S464C";3075;3533;3942;334;710;275;802;2574;91;256;254;60;1739;254;273;161;73;1441;709;144;93;2119;712;91;374;154;919;216;106;2533;6859;37;1259;2994;717;73;16;251;0;1765;1548;1273;545;403;12;339;365;643;1138;166;417;68;262;410;373;269;443;158;156;1087;200;1026;252;419;120;253;270;899;327;193
"S495A";12292;8663;8240;809;2088;382;819;12342;267;31;665;111;6337;1667;1611;567;294;1754;5379;765;210;2163;4098;245;75;349;6169;2371;364;4851;6734;27;2228;5845;1159;85;262;847;1;11754;7795;776;345;933;231;394;1251;761;1158;1369;254;1548;1342;2721;736;435;1323;462;158;1614;354;1030;736;1201;150;1744;217;3009;62;572
"S495B";3121;24459;19930;2784;4283;1836;869;8314;602;9884;14398;153;3987;1101;1070;1300;580;2028;4591;1208;180;2619;5587;459;1065;725;3400;1659;160;3274;15477;89;1495;33685;1042;251;460;756;12;10879;5391;6182;1619;1584;1291;353;5122;9144;3089;403;426;1960;710;771;2837;1401;1751;383;3542;4205;2763;5235;2545;1211;265;4017;729;5960;40;863
"S495C";3039;17831;25233;3232;3323;543;1849;18800;584;398;1351;196;11350;2380;1650;1015;768;2724;3929;1043;355;14591;6743;399;1448;1256;3075;1859;237;10020;21559;234;1673;12129;1330;250;733;746;98;7403;8593;6812;892;1803;1213;384;5537;5726;4806;602;297;2282;1210;1505;2806;840;1334;927;3332;2947;1012;2245;431;959;278;3259;623;5072;53;303
"S501A";11009;11182;8827;383;1352;273;722;3708;191;84;445;87;4876;1011;725;338;326;883;2137;338;165;2160;4445;162;164;283;1407;1787;329;9347;18788;58;1342;10606;440;90;90;138;4;7313;3563;371;281;309;11;33;320;383;2520;1383;53;204;60;1407;310;225;308;271;56;1048;288;692;797;719;241;167;117;3134;150;214
"S501B";22561;23145;22201;1670;3388;302;548;12560;260;95;931;87;7412;1953;1396;1039;731;2213;5955;1638;381;1686;11025;373;1417;992;5059;4413;894;23082;24151;82;3217;11241;1000;302;403;774;16;12656;10400;3204;1028;1072;29;139;647;3155;2538;3408;164;558;190;5183;781;676;994;1174;219;3553;1029;2259;1307;1708;833;467;427;5067;412;135
"S501C";20465;23199;23621;2017;3959;288;1602;17920;178;156;648;151;10564;1898;1554;660;873;1935;4205;990;300;4271;6867;232;1998;439;2743;1921;608;15502;21416;41;3321;12062;1011;231;275;253;20;14587;10398;1723;1265;828;12;92;472;2345;2263;2980;106;585;146;2236;523;526;732;953;145;3861;1246;3273;865;1816;290;133;744;2201;340;134
"S516A";20384;9704;9647;830;2706;314;1694;9229;388;57;1567;214;8906;1904;1448;1222;188;1893;5639;1811;210;1892;4218;213;121;1071;4936;1473;791;8517;13214;26;1977;8554;1668;140;110;207;0;16280;8409;573;365;4214;106;383;2623;677;2709;2455;723;201;1106;1980;2510;547;634;186;52;2578;1411;3136;535;1528;754;1969;612;3074;348;1366
"S516B";25004;12870;13047;1352;4274;903;720;16642;275;1128;3168;115;10936;2049;1449;1426;216;2376;7512;3021;286;1651;5923;289;947;1076;8150;2964;1031;16789;21256;73;2827;31546;2030;267;161;353;20;18180;11209;1294;247;1972;34;272;1179;1012;4487;3161;506;117;531;749;1276;339;265;194;44;895;564;1130;1835;1776;630;1013;849;3415;429;1033
"S516C";27449;13945;14364;1683;4060;372;1151;20017;275;111;985;90;13914;2241;1506;981;158;2260;6911;2344;264;5074;4622;178;324;811;5710;1727;993;13454;18741;43;3571;13740;2411;180;225;267;10;22225;11914;836;456;3520;90;319;1576;1029;3747;3052;624;250;949;1480;1897;481;541;344;51;2351;1333;2973;1246;2097;482;996;1164;3024;449;786
"S674A";546;3937;2879;303;199;122;39;890;37;50;149;8;591;88;98;141;34;182;535;179;20;368;679;18;10;111;321;166;51;142;361;61;156;138;177;25;71;95;0;1406;1143;440;68;63;51;15;374;908;129;78;58;79;41;94;294;101;32;98;266;104;60;72;0;108;38;198;29;28;32;25
"S674B";1661;859;899;96;143;96;33;767;32;67;168;11;299;172;237;94;15;246;584;169;22;59;530;16;1;71;704;306;70;157;239;29;164;677;155;4;20;198;0;1357;1080;52;30;105;18;43;161;83;105;140;66;260;117;172;117;21;153;31;48;285;98;221;37;31;23;314;11;274;24;69
"S674C";1818;1122;1125;211;188;74;85;1493;38;192;106;18;479;152;261;79;4;216;665;142;33;217;537;17;2;56;676;310;53;130;166;29;200;250;216;20;29;175;0;1994;1310;74;63;201;18;90;221;118;82;192;64;224;138;96;77;36;138;85;47;289;76;251;23;40;18;175;53;170;41;26
"S753A";3396;14553;13569;2102;775;818;464;6898;242;500;1353;139;6219;707;525;772;498;1901;4100;1678;103;2214;4039;193;148;341;3313;1370;304;7899;19227;46;3761;8734;440;65;25;354;6;10063;5588;306;559;929;1202;836;8660;356;3678;811;625;753;1314;16357;2134;4045;18092;97;1372;30930;17596;32343;600;1349;160;2758;964;4795;86;309
"S753B";3429;15604;16337;3489;1110;929;767;18717;162;453;1173;292;14047;992;370;530;419;1977;3552;1735;164;3290;3705;292;393;476;2900;1280;356;9744;18264;57;5449;9659;521;94;37;267;28;9657;7252;759;433;974;941;676;6799;458;4256;822;392;523;991;13166;1925;3381;12399;175;1148;19613;11018;17868;443;1231;102;2001;1021;2270;83;469
"S753C";4233;19780;22286;3803;1250;1383;2222;18373;238;697;1276;235;12295;1120;661;719;545;2084;3849;1627;132;4972;3423;231;341;323;2764;1246;335;7989;20543;95;7693;12741;488;85;48;243;66;11500;10526;391;457;1199;797;614;6284;267;5874;800;363;684;1066;8249;1745;3416;10095;124;1253;18555;11047;19212;873;1416;106;1607;1643;3652;74;354
"S780A";5384;4305;5657;788;1931;309;190;8222;82;14;495;19;11382;551;140;554;157;3318;2696;697;188;2378;2613;191;364;1698;2400;1244;622;6481;7911;2061;861;4594;1669;49;41;2798;0;5693;3171;1512;753;558;484;1080;3518;1569;3386;2083;6767;5517;1349;2548;7784;272;457;323;3899;916;303;446;46;772;495;2385;153;3561;258;244
"S780B";11447;10716;11465;1754;4353;651;567;12398;412;70;1247;32;14408;1030;522;1477;423;7056;5669;1621;302;3792;5873;468;551;5067;6031;3243;1461;10982;12539;1389;1706;4725;3801;136;113;8173;2;12724;5822;4046;2162;1389;1534;3259;9777;4517;3925;4486;18715;16718;3198;7524;20372;935;1136;1019;12650;3886;1161;1924;134;1947;1425;7817;555;3837;606;595
"S780C";9846;8121;8973;1409;5305;894;1225;12009;674;178;1428;64;12958;894;971;1703;491;7627;6022;1853;336;4866;7278;505;805;4298;6718;4122;1942;11470;13416;1692;1867;3677;3413;102;130;7058;2;8339;4566;3809;1420;1040;1157;2651;7036;2792;4230;4603;11835;9217;2415;4346;16789;491;778;794;9227;2534;570;1028;129;1346;1534;6181;402;9160;556;680
"S832A";6790;12825;14307;1209;3103;475;399;5784;125;28;773;74;6887;596;518;848;264;3347;4933;1061;139;2180;5139;235;34;705;3436;1605;338;12796;17275;310;1607;5301;993;147;397;933;0;11451;6531;2160;1705;743;58;1725;403;701;3293;1287;2140;2134;689;995;1166;445;2669;1303;1889;1032;294;2212;282;761;531;1496;802;2633;105;300
"S832B";7056;14086;17985;1511;2973;758;496;2842;190;6871;5751;108;1406;556;706;738;234;2729;3893;743;114;555;3663;176;72;324;2916;1142;275;2697;6230;374;2088;22990;481;131;274;1183;7;11504;5147;1838;1778;550;73;1365;297;773;3183;651;2240;2049;372;242;626;429;1374;298;1812;1518;783;6018;3970;627;251;1470;1200;6900;78;1503
"S832C";8292;18902;17584;1967;3908;387;1057;6669;298;312;1370;103;3991;661;1626;1405;226;4801;6571;1522;183;2636;6209;379;49;642;5190;2050;514;12735;18628;101;2353;4550;891;148;521;2182;2;11827;6280;1611;1442;1081;136;2227;494;416;3161;1257;2654;2065;860;354;1313;211;2124;781;1801;859;289;2822;424;721;595;1866;1372;4124;87;196
"S923A";30;62;125;13;5;0;0;7;0;0;0;0;3;7;1;2;2;8;2;1;11;1;3;0;1;2;4;2;2;20;5;0;22;13;0;1;0;0;1;21;31;3;2;2;0;1;0;0;4;0;2;0;1;7;2;5;6;0;1;14;1;8;0;0;0;0;6;3;1;0
"S923B";6172;8357;8182;1008;3987;712;683;7003;211;61;1026;118;8347;376;329;745;167;2843;4743;1965;209;1763;6599;220;96;2734;4857;2601;396;11545;15537;832;640;8043;2187;45;50;1573;1;9865;3215;1099;250;824;51;1422;5243;2022;3937;3877;5898;564;4641;5782;14079;1724;891;201;2895;7716;1546;1303;35;785;1937;2490;348;911;600;1831
"S923C";2812;5921;5119;560;2967;578;1360;2743;142;769;1194;233;2083;138;266;178;216;646;1202;465;63;1812;2037;56;245;330;1280;922;122;3589;8274;449;464;38465;485;6;22;653;49;6013;1316;259;149;390;48;654;3043;311;2992;911;3344;351;2496;644;5578;917;2012;43;2035;4087;2179;2785;603;346;278;1087;548;4995;147;431
